CREATE DATABASE  IF NOT EXISTS `test_schema` /*!40100 DEFAULT CHARACTER SET utf8mb4 COLLATE utf8mb4_general_ci */ /*!80016 DEFAULT ENCRYPTION='N' */;
USE `test_schema`;
-- MySQL dump 10.13  Distrib 8.0.29, for Win64 (x86_64)
--
-- Host: ec2-13-125-69-201.ap-northeast-2.compute.amazonaws.com    Database: test_schema
-- ------------------------------------------------------
-- Server version	8.0.29-0ubuntu0.20.04.3

/*!40101 SET @OLD_CHARACTER_SET_CLIENT=@@CHARACTER_SET_CLIENT */;
/*!40101 SET @OLD_CHARACTER_SET_RESULTS=@@CHARACTER_SET_RESULTS */;
/*!40101 SET @OLD_COLLATION_CONNECTION=@@COLLATION_CONNECTION */;
/*!50503 SET NAMES utf8 */;
/*!40103 SET @OLD_TIME_ZONE=@@TIME_ZONE */;
/*!40103 SET TIME_ZONE='+00:00' */;
/*!40014 SET @OLD_UNIQUE_CHECKS=@@UNIQUE_CHECKS, UNIQUE_CHECKS=0 */;
/*!40014 SET @OLD_FOREIGN_KEY_CHECKS=@@FOREIGN_KEY_CHECKS, FOREIGN_KEY_CHECKS=0 */;
/*!40101 SET @OLD_SQL_MODE=@@SQL_MODE, SQL_MODE='NO_AUTO_VALUE_ON_ZERO' */;
/*!40111 SET @OLD_SQL_NOTES=@@SQL_NOTES, SQL_NOTES=0 */;

--
-- Table structure for table `AccountInfo_Table`
--

DROP TABLE IF EXISTS `AccountInfo_Table`;
/*!40101 SET @saved_cs_client     = @@character_set_client */;
/*!50503 SET character_set_client = utf8mb4 */;
CREATE TABLE `AccountInfo_Table` (
  `AccountInfo_id` int NOT NULL AUTO_INCREMENT COMMENT '사용자 계정 고유번호',
  `PhoneNumber` varchar(45) NOT NULL COMMENT '회원가입 할 때 사용한 휴대전화 번호(로그인에 사용됨)',
  `FullTownName_1` varchar(45) NOT NULL COMMENT '시, 군, 구, 동까지 표시되는 주소(회원가입 할 때 내 동네로 설정됨)',
  `TownName_1` varchar(45) NOT NULL COMMENT '동만 표시되는 주소(회원가입 할 때 내 동네로 설정됨)',
  `X_1` varchar(45) NOT NULL COMMENT '위도(회원가입 할 때 내 동네 좌표)',
  `Y_1` varchar(45) NOT NULL COMMENT '경도(회원가입 할 때 내 동네 좌표)',
  `FullTownName_2` varchar(45) DEFAULT NULL COMMENT '시, 군, 구, 동까지 표시되는 주소(회원가입 후 한 내 동네설정)',
  `TownName_2` varchar(45) DEFAULT NULL COMMENT '동만 표시되는 주소(회원가입 후 한 내 동네설정)',
  `X_2` varchar(45) DEFAULT NULL COMMENT '위도(회원가입 후 한 내 동네 좌표)',
  `Y_2` varchar(45) DEFAULT NULL COMMENT '경도(회원가입 후 한 내 동네 좌표)',
  `ProfileImage` varchar(500) DEFAULT NULL COMMENT '서버에 저장 된 프로필이미지 파일명',
  `NickName` varchar(500) NOT NULL COMMENT '사용자 닉네임',
  PRIMARY KEY (`AccountInfo_id`)
) ENGINE=InnoDB AUTO_INCREMENT=134 DEFAULT CHARSET=utf8mb4 COLLATE=utf8mb4_0900_ai_ci;
/*!40101 SET character_set_client = @saved_cs_client */;

--
-- Dumping data for table `AccountInfo_Table`
--

LOCK TABLES `AccountInfo_Table` WRITE;
/*!40000 ALTER TABLE `AccountInfo_Table` DISABLE KEYS */;
INSERT INTO `AccountInfo_Table` VALUES (1,'01000000000','서울특별시 동작구 사당3동','사당3동','37.48662464363699','126.97208541295585',NULL,NULL,NULL,NULL,'empty_profile_image.png','ㅁ'),(2,'01011111111','서울특별시 동작구 사당동','사당동','37.483032821406454','126.97882084354636',NULL,NULL,NULL,NULL,'empty_profile_image.png','ㄴ'),(9,'01022222222','서울 송파구 석촌동','석촌동','37.5035646306704','127.103667384036',NULL,NULL,NULL,NULL,'empty_profile_image.png','ㅇㄹ'),(10,'01012345678','서울특별시 동작구 사당동','사당동','37.483032821406454','126.97882084354636',NULL,NULL,NULL,NULL,'empty_profile_image.png','ㅎ'),(15,'01073563375','서울특별시 동작구 사당동','사당동','37.483032821406454','126.97882084354636',NULL,NULL,NULL,NULL,'empty_profile_image.png','ㅊ'),(16,'01033333333','서울특별시 강북구 수유동','수유동','37.64246218415331','127.02209452076173',NULL,NULL,NULL,NULL,'empty_profile_image.png','ㄷㅈㄱ'),(79,'01044444444','서울특별시 동작구 사당동','사당동','37.483032821406454','126.97882084354636',NULL,NULL,NULL,NULL,'empty_profile_image.png','ㅇㄹ'),(81,'01088888888','서울특별시 동작구 사당3동','사당3동','37.48662464363699','126.97208541295585',NULL,NULL,NULL,NULL,'empty_profile_image.png','ㅁㅇㄹ'),(82,'01066666666','서울특별시 동작구 사당동','사당동','37.483032821406454','126.97882084354636',NULL,NULL,NULL,NULL,'empty_profile_image.png','ㄷ'),(83,'01012341234','서울특별시 동작구 사당동','사당동','37.483032821406454','126.97882084354636',NULL,NULL,NULL,NULL,'empty_profile_image.png','ㅊㅇ'),(84,'01032165432','서울특별시 동작구 사당3동','사당3동','37.48662464363699','126.97208541295585',NULL,NULL,NULL,NULL,'empty_profile_image.png','2'),(85,'01065497897','서울특별시 동작구 사당3동','사당3동','37.48662464363699','126.97208541295585',NULL,NULL,NULL,NULL,'empty_profile_image.png','43'),(86,'01032111233','서울특별시 동작구 사당3동','사당3동','37.48662464363699','126.97208541295585',NULL,NULL,NULL,NULL,'empty_profile_image.png','1234'),(87,'01078979877','서울특별시 동작구 사당동','사당동','37.483032821406454','126.97882084354636',NULL,NULL,NULL,NULL,'empty_profile_image.png','6432'),(88,'01045643258','서울특별시 동작구 사당3동','사당3동','37.48662464363699','126.97208541295585',NULL,NULL,NULL,NULL,'empty_profile_image.png','5'),(90,'01098784456','서울특별시 동작구 사당동','사당동','37.483032821406454','126.97882084354636',NULL,NULL,NULL,NULL,'empty_profile_image.png','41'),(91,'01032223233','서울특별시 동작구 사당동','사당동','37.483032821406454','126.97882084354636',NULL,NULL,NULL,NULL,'empty_profile_image.png','12'),(93,'01065564877','서울특별시 동작구 사당동','사당동','37.483032821406454','126.97882084354636',NULL,NULL,NULL,NULL,'empty_profile_image.png','-'),(96,'01032132223','서울특별시 동작구 사당동','사당동','37.483032821406454','126.97882084354636',NULL,NULL,NULL,NULL,'empty_profile_image.png','0'),(97,'01098997887','서울특별시 동작구 사당동','사당동','37.483032821406454','126.97882084354636',NULL,NULL,NULL,NULL,'empty_profile_image.png','9'),(98,'01055464488','서울특별시 동작구 사당3동','사당3동','37.48662464363699','126.97208541295585',NULL,NULL,NULL,NULL,'empty_profile_image.png','8'),(99,'01044456545','서울특별시 동작구 사당3동','사당3동','37.48662464363699','126.97208541295585',NULL,NULL,NULL,NULL,'empty_profile_image.png','67'),(100,'01031828356','서울특별시 동작구 사당동','사당동','37.483032821406454','126.97882084354636',NULL,NULL,NULL,NULL,'empty_profile_image.png','5'),(101,'01073563377','서울특별시 동작구 사당3동','사당3동','37.48662464363699','126.97208541295585',NULL,NULL,NULL,NULL,'empty_profile_image.png','4'),(102,'01012333211','서울 동작구 사당동','사당동','37.483932674151','126.9731356614',NULL,NULL,NULL,NULL,'empty_profile_image.png','3'),(103,'01073563333','서울특별시 강북구 수유동','수유동','37.64246218415331','127.02209452076173',NULL,NULL,NULL,NULL,'empty_profile_image.png','2'),(104,'01073562222','서울특별시 동작구 사당동','사당동','37.483032821406454','126.97882084354636',NULL,NULL,NULL,NULL,'empty_profile_image.png','1'),(120,'01012311111','서울특별시 동작구 사당3동','사당3동','37.48662464363699','126.97208541295585',NULL,NULL,NULL,NULL,'empty_profile_image.png','김밥'),(121,'01012333333','서울특별시 동작구 사당동','사당동','37.483032821406454','126.97882084354636',NULL,NULL,NULL,NULL,'empty_profile_image.png','김치'),(122,'01032113213','서울특별시 동작구 사당3동','사당3동','37.48662464363699','126.97208541295585',NULL,NULL,NULL,NULL,'empty_profile_image.png','ㅁ'),(123,'01078979879','서울특별시 동작구 사당3동','사당3동','37.48662464363699','126.97208541295585',NULL,NULL,NULL,NULL,'01078979879_1637906228975.jpg','ㅏ'),(124,'01032119877','서울특별시 동작구 사당3동','사당3동','37.48662464363699','126.97208541295585',NULL,NULL,NULL,NULL,'01032119877_1637908424948.jpg','수정'),(125,'01032133211','서울특별시 동작구 사당동','사당동','37.483032821406454','126.97882084354636',NULL,NULL,NULL,NULL,'empty_profile_image.png','123'),(128,'01098797897','서울 송파구 석촌동','석촌동','127.103667384036','37.5035646306704',NULL,NULL,NULL,NULL,'empty_profile_image.png','킹스베리'),(129,'01099877897','서울 동작구 사당동','사당동','126.9731356614','37.483932674151',NULL,NULL,NULL,NULL,'empty_profile_image.png','tkekdehd'),(130,'01065464564','서울특별시 동작구 사당3동','사당3동','126.97208541295585','37.48662464363699',NULL,NULL,NULL,NULL,'empty_profile_image.png','아오리사과'),(131,'01011222211','서울 동작구 사당동','사당동','126.9731356614','37.483932674151',NULL,NULL,NULL,NULL,'empty_profile_image.png','test'),(132,'01011121112','서울 동작구 사당5동','사당5동','126.967015818218','37.4856250199803',NULL,NULL,NULL,NULL,'empty_profile_image.png','aaa'),(133,'01011191119','서울 동작구 사당1동','사당1동','126.978671564188','37.4831553317282',NULL,NULL,NULL,NULL,'empty_profile_image.png','sss');
/*!40000 ALTER TABLE `AccountInfo_Table` ENABLE KEYS */;
UNLOCK TABLES;

--
-- Table structure for table `HomePost_Table`
--

DROP TABLE IF EXISTS `HomePost_Table`;
/*!40101 SET @saved_cs_client     = @@character_set_client */;
/*!50503 SET character_set_client = utf8mb4 */;
CREATE TABLE `HomePost_Table` (
  `post_id` int NOT NULL AUTO_INCREMENT COMMENT '중고거래 게시글 고유번호',
  `PhoneNumber` varchar(45) NOT NULL COMMENT '회원가입 할 때 사용한 휴대전화 번호',
  `image` varchar(500) NOT NULL COMMENT '서버에 저장된 게시글 이미지 파일명',
  `title` varchar(45) NOT NULL COMMENT '게시글 제목',
  `contents` varchar(1000) NOT NULL COMMENT '게시글 내용',
  `TownName` varchar(45) NOT NULL COMMENT '게시글 작성자의 동네',
  `uploaded_time` varchar(45) NOT NULL COMMENT '게시글 올린 시간',
  `upload_count` varchar(45) NOT NULL COMMENT '게시글 끌올기능 사용했는지을 판단하기 위한 카운트',
  `price` varchar(45) NOT NULL COMMENT '상품의 가격',
  `chatting_count` varchar(45) NOT NULL COMMENT '요청받은 채팅 숫자 카운트',
  `Like_count` varchar(45) NOT NULL COMMENT '좋아요 개수',
  `PriceOffer_check` varchar(45) NOT NULL COMMENT '가격제안받기 옵션 선택 여부(1이면 체크 됨, 0이면 체크 안 됨)',
  `views` varchar(45) NOT NULL COMMENT '조회수',
  `SalesStatus` varchar(45) NOT NULL COMMENT '판매상태 확인을 함\\n(판매중, 예약중, 판매완료)',
  PRIMARY KEY (`post_id`)
) ENGINE=InnoDB AUTO_INCREMENT=119 DEFAULT CHARSET=utf8mb4 COLLATE=utf8mb4_0900_ai_ci;
/*!40101 SET character_set_client = @saved_cs_client */;

--
-- Dumping data for table `HomePost_Table`
--

LOCK TABLES `HomePost_Table` WRITE;
/*!40000 ALTER TABLE `HomePost_Table` DISABLE KEYS */;
INSERT INTO `HomePost_Table` VALUES (1,'01011121112','empty_HomePost_image.png','1','1','사당동','1631141041','1','10000','0','0','0','0','판매중'),(2,'01011121112','empty_HomePost_image.png','2','2','사당2동','1632260781','1','20000','0','0','0','1','판매중'),(3,'01011121112','empty_HomePost_image.png','3','3','사당3동','1634231041','1','30000','0','0','0','0','판매중'),(5,'01011121112','empty_HomePost_image.png','4','4','사당4동','1634241041','1','40000','0','0','1','0','판매중'),(6,'01011121112','empty_HomePost_image.png','5','5','사당3동','1634284967','1','1234','0','0','1','0','판매중'),(7,'01011121112','empty_HomePost_image.png','6','6','사당동','1634285117','1','22222','0','0','0','0','판매중'),(8,'01011121112','empty_HomePost_image.png','7','7','사당동','1634285567','1','1212213','0','0','1','0','판매중'),(9,'01011121112','empty_HomePost_image.png','8','8','사당동','1634286315','1','1231','0','0','1','0','판매중'),(10,'01011121112','empty_HomePost_image.png','9','9','사당3동','1634293071','1','2','0','0','0','0','판매중'),(11,'01011121112','empty_HomePost_image.png','10','10','사당동','1634294212','1','20000','0','0','1','1','판매중'),(14,'01011121112','empty_HomePost_image.png','11','11','사당동','1634299968','1','10000','0','0','0','4','판매중'),(15,'01011121112','empty_HomePost_image.png','12','12','사당3동','1634299984','1','1234','0','0','1','0','판매중'),(16,'01011121112','empty_HomePost_image.png','13','13','사당동','1635496905','1','123','0','0','0','0','판매중'),(17,'01011121112','empty_HomePost_image.png','14','14','사당동','1635496962','1','123','0','0','0','1','판매중'),(18,'01011121112','empty_HomePost_image.png','15','15','사당동','1635497829','1','111','0','0','1','0','판매중'),(19,'01011121112','empty_HomePost_image.png','16','16','사당동','1635499787','1','1111','0','0','1','0','판매중'),(20,'01011121112','empty_HomePost_image.png','17','17','사당동','1635499988','1','1','0','0','1','0','판매중'),(21,'01011121112','empty_HomePost_image.png','18','18','사당동','1635500020','1','2','0','0','0','0','판매중'),(22,'01011121112','empty_HomePost_image.png','19','19','사당동','1635500056','1','3','0','0','1','0','판매중'),(23,'01011191119','empty_HomePost_image.png','20','20','사당동','1635500183','1','1','0','0','0','2','판매중'),(24,'01011191119','empty_HomePost_image.png','21','5','사당동','1635500204','1','5','0','0','0','0','판매중'),(25,'01011191119','empty_HomePost_image.png','22','1','사당동','1635500345','1','1','0','0','1','1','판매중'),(26,'01011191119','empty_HomePost_image.png','23','2','사당동','1635500368','1','2','0','0','1','0','판매중'),(27,'01011191119','empty_HomePost_image.png','24','1','사당동','1635500540','1','1','0','0','1','0','판매중'),(28,'01011191119','empty_HomePost_image.png','25','2','사당동','1635500554','1','2','0','0','0','0','판매중'),(29,'01011191119','empty_HomePost_image.png','26','3','사당동','1635500586','1','3','0','0','0','0','판매중'),(30,'01011191119','empty_HomePost_image.png','27','4','사당동','1635500625','1','4','0','0','0','3','판매중'),(32,'01011191119','empty_HomePost_image.png','28','ㄱㅂㄷㅈㅂㄷㄱㅁㄹㅇ','사당동','1635512738','1','2000','0','0','1','0','판매중'),(33,'01011191119','empty_HomePost_image.png','29','ㅂㄱㄷㄱㅂㄷㅂㄷㄱㅈㅁㄹㄴㅁㄴㄹㅇ','사당동','1635513260','1','6000','0','0','1','0','판매중'),(34,'01011191119','[\"01073562222_1636062986359.png\",\"01073562222_1636062986643.png\"]','30','ㅂㄱㄷㄱㅂㄷㄹㅁㅇㄴㄹㅇㅁㄴ','사당동','1635515998','1','50000','0','0','0','1','판매중'),(35,'01011191119','[\"01073562222_1636091120318.png\",\"01073562222_1636091120402.png\",\"01073562222_1636091120452.png\",\"01073562222_1636091120502.png\",\"01073562222_1636091120544.png\",\"01073562222_1636091120650.png\",\"01073562222_1636091120687.png\"]','31','ㅂㄷㄱㅈㅁㄴㅇㄹㄱㄷㅁㅇㄷㅁㄴㅂㅇㄱㅈㄹㄱㄷㅁㅂㅈㄴㅇㄱㅋㄷㅌㅈㅂㄱㅌㅊㅋㄷㅈㅂㅊㄱㄷㅈㅂㅋㅌㅊㄱㄸㅉㅃㅌㅋㅊㄱㄸㅉㅃㅌㅋㄱㅊㄸㅉㅃㅌㅋㄱㄷㅈㅂㅈㅂㄱㅌㅊㅋㄱㄷㅂㅈㅋㅌㅊㅍㄱㄷㅂㅈㅋㅍㅊㅌㄱㄷㅂㅈㅋㅍㅊㅌㄱㄷㅂㅋㅍㅊㅈㅌㄱㅋㄷㅂㅌㅊㅈㅍㄷㅂㄱㅋㅊㅈㅌㅍㄷㅈㅂㄱㅋㅍㅊㅌㄱㅍㅊㄷㅂㅋㅈㅌㄱㅍㅊㄷㅈㅂㅌㅋㅍㅊㄷㅂㄱㅋㅌㅈㄱㅍㅊㄷㅈㅂㅌㅋㄱㅍㅊㄷㅈㅂㅋㅌㄱㅍㅊㄷㅈㅂㅋㅌㄱㅍㅊㄷㅈㅂㅌㅋㄱㅍㅊㄷㅈㅂㅋㅌㅍㅊㄷㅈㅂㄱㅌㅋㄱㅍㅊㄷㅈㅂㅌㅋㄱㅍㄷㅊㅈㅂㅋㅌㄱㄷㅈㅂㅋㅍㅊㅌㄱㄷㅋㅍㅊㅈㅂㅌㄱㅍㄷㅈㅂㅋㅊㅌㄷㄱㅋㅍㅊㅈㅂㅌㅍㅊㄷㅈㄱㅋㅌㅂㄱㄷㅈㅋㅍㅊㅂㅌㄱㄷㅈㅋㅍㅊㅂㅌㄱㄷㅈㅋㅊㅂㅌㅍㄱㄷㅈㅋㅊㅌㅍㄱㄷㅋㅊㅈㅂㅌㅍㄷㄱㅋㅊㅈㅌㅍㄷㄱㅋㅊㅈㅌㅍㄷㄱㅋㅍㅊㅈㅂㅌㅋㅍㅊㄷㅈㅂㄱㅌㅊㄷㅈㄱㅋㅌㅂㅍㅊㄷㅈㅂㄱㅋㅌㅍㅊㄷㄱㅋㅌㅍㅂㅈㄷㄱㅋㅍㅊㅈㅌㅍㅊㄷㅈㅂㄱㅌㅋㅋㅍㅊㄷㅈㅂㄱㅌㅋㅍㅊㄷㅈㅂㄱㅌㅋㅍㅊㄷㅈㄱㅌㅂㅋㅍㅊㄷㅈㅂㄱㅌㅋㅌㅍㅊㄷㄱㅂㅈㄱㅋㅍㅊㄷㅈㅌㅂㅋㅍㅊㄷㄱㅌㅂㅈㅋㅍㅊㄷㅈㅂㄱㅌㅍㅊㄷㄱㅋㅌㅂㅈㅋㅍㅊㄷㄱㅌㅂㅈ','사당동','1636091120','1','90000','0','0','0','0','판매중'),(37,'01011191119','[\"01073562222_1636109688775.jpg\"]','32','2ㅈㄱㅅㄷㅅㄱㅈㄱㅅㄷㄱㅅㅈㄷ','사당동','1636109689','1','3000','0','0','1','0','판매중'),(38,'01011191119','[\"01073562222_1636109715733.png\",\"01073562222_1636109715831.png\"]','33','ㅈㄱㅅㄷㅈㄱㄷㅅㅅㄱ','사당동','1636109715','1','5000','0','0','0','0','판매중'),(45,'01011191119','[\"01073562222_1636308760003.png\"]','34','ㅋㅋ','사당동','1636308760','1','123','0','0','0','1','판매중'),(48,'01011191119','[\"01073562222_1636574368079.jpg\"]','35','1','사당동','1636574368','1','1','0','0','0','0','판매중'),(49,'01011191119','[\"01073562222_1636695475952.jpg\"]','36','11','사당동','1636695476','1','11','0','1','0','26','판매중'),(50,'01011191119','[\"01073562222_1636708621213.jpg\"]','37','ㅂㅈㄷ','사당동','1644420969','1','111','0','1','0','6','판매중'),(51,'01011191119','[\"01073562222_1636708819553.jpg\"]','38','1','사당동','1644420969','1','1','0','1','0','6','판매중'),(55,'01011191119','[\"01012333333_1637392244516.png\",\"01012333333_1637392244733.jpg\"]','39','1','사당동','1645025769','1','1','0','1','0','27','판매중'),(56,'01011191119','[\"01073562222_1636708819553.jpg\"]','40','1','석촌동','1645025769','1','1','0','1','0','63','판매중'),(57,'01011191119','[\"01065464564_1645161801118.png\",\"01065464564_1645161801371.png\"]','41','ㄴㄴ','사당3동','1645161801','1','200','0','1','0','223','판매중'),(58,'01011191119','[\"01065464564_1646971215000.jpg\"]','42','1','사당3동','1646971215','1','1000','0','1','0','4','판매중'),(59,'01011191119','[\"01065464564_1646971244036.jpg\"]','43','2','사당3동','1646971244','1','2000','0','1','0','13','판매중'),(60,'01011191119','[\"01065464564_1646971271330.jpg\"]','44','3','사당3동','1646971271','1','3000','0','1','0','35','판매중'),(61,'01011191119','[\"01065464564_1646971297026.png\"]','45','4','사당3동','1646971297','1','4000','0','2','0','57','판매중'),(63,'01011191119','[\"01065464564_1646971297026.png\"]','46','5','사당3동','1646971298','1','5500','0','2','0','79','판매중'),(64,'01065464564','[\"01065464564_1652391987637.jpg\"]','47','ㅁㅇㄴㄹㅁ','사당3동','1652391988','1','47000','0','1','0','30','판매중'),(65,'01065464564','[\"01065464564_1652932214196.png\"]','48','48','사당3동','1652932214','1','48000','0','1','0','32','판매중'),(75,'01065464564','empty_HomePost_image.png','1 판매중','1','사당3동','1653022733','1','1','0','0','0','10','판매중'),(76,'01065464564','empty_HomePost_image.png','1 예약중','1','사당3동','1653022767','1','1','0','0','0','6','판매중'),(78,'01065464564','empty_HomePost_image.png','1 거래완료','1','사당3동','1653022821','1','1','0','0','0','5','판매중'),(79,'01011191119','empty_HomePost_image.png','2 판매중','2','사당1동','1653022920','1','2','0','0','0','4','판매중'),(80,'01011191119','empty_HomePost_image.png','2 예약중','2','사당1동','1653022946','1','2','0','0','0','10','판매중'),(81,'01011191119','empty_HomePost_image.png','2 거래완료','2','사당1동','1653022983','1','2','0','0','0','18','판매중'),(89,'01065464564','empty_HomePost_image.png','1','1','사당3동','1653414310','1','1','0','0','0','10','판매중'),(94,'01065464564','[\"01065464564_1653602147666.jpg\",\"01065464564_1653602147861.png\",\"01065464564_1653602147997.jpg\"]','2','2','사당3동','1653602148','1','2','0','0','0','37','판매중'),(95,'01065464564','empty_HomePost_image.png','22','22','사당3동','1653605635','1','22','0','0','1','2','판매중'),(96,'01065464564','empty_HomePost_image.png','23','2','사당3동','1653608346','1','2','0','0','0','2','판매중'),(97,'01065464564','empty_HomePost_image.png','111','111','사당3동','1653609930','1','111','0','0','1','7','판매중'),(98,'01065464564','empty_HomePost_image.png','111','1','사당3동','1653610111','1','111','0','0','1','6','판매중'),(99,'01065464564','empty_HomePost_image.png','1','1','사당3동','1653610688','1','1','0','0','0','2','판매중'),(100,'01065464564','empty_HomePost_image.png','1','1','사당3동','1653611140','1','1','0','0','0','2','판매중'),(101,'01065464564','empty_HomePost_image.png','11','11','사당3동','1653611457','1','11','0','0','1','1','판매중'),(102,'01065464564','empty_HomePost_image.png','12','12','사당3동','1653611627','1','12','0','0','0','2','판매중'),(103,'01065464564','empty_HomePost_image.png','12','12','사당3동','1653611763','1','12','0','0','1','1','판매중'),(104,'01065464564','empty_HomePost_image.png','134','134','사당3동','1653611974','1','134','0','0','1','1','판매중'),(105,'01065464564','empty_HomePost_image.png','1','1','사당3동','1653612112','1','1','0','0','0','1','판매중'),(106,'01065464564','empty_HomePost_image.png','','','사당3동','1653613376','1','','0','0','0','1','판매중'),(107,'01065464564','empty_HomePost_image.png','','','사당3동','1653613557','1','','0','0','0','1','판매중'),(108,'01065464564','empty_HomePost_image.png','','','사당3동','1653614085','1','','0','0','0','2','판매중'),(109,'01065464564','empty_HomePost_image.png','1','1','사당3동','1653614184','1','1','0','0','0','2','판매중'),(110,'01065464564','empty_HomePost_image.png','111','1','사당3동','1653625880','1','11','0','0','1','5','판매중'),(111,'01065464564','empty_HomePost_image.png','12','1','사당3동','1653626413','1','1','0','0','1','1','판매중'),(112,'01065464564','empty_HomePost_image.png','12','ㅣ','사당3동','1653626612','1','1','0','0','1','2','판매중'),(113,'01065464564','empty_HomePost_image.png','12','1','사당3동','1653626871','1','1','0','0','1','2','판매중'),(114,'01065464564','empty_HomePost_image.png','123','','사당3동','1653627296','1','','0','0','0','13','판매중'),(115,'01065464564','empty_HomePost_image.png','1','1','사당3동','1653630698','1','1','0','0','0','3','판매중'),(116,'01065464564','empty_HomePost_image.png','22','2','사당3동','1653630761','1','2','0','0','0','5','판매중'),(117,'01065464564','empty_HomePost_image.png','ㅁㅇㄴㄹㅁㄴ','ㅔㅔ','사당3동','1653631182','1','500000','0','0','1','33','예약중'),(118,'01065464564','empty_HomePost_image.png','21313ㅔㅐㅑㅏㅐㅏ','ㅑㅕㅗㅕㅑㅗ','사당3동','1653638459','1','121','0','0','0','40','거래완료');
/*!40000 ALTER TABLE `HomePost_Table` ENABLE KEYS */;
UNLOCK TABLES;

--
-- Table structure for table `LikedPosts_Table`
--

DROP TABLE IF EXISTS `LikedPosts_Table`;
/*!40101 SET @saved_cs_client     = @@character_set_client */;
/*!50503 SET character_set_client = utf8mb4 */;
CREATE TABLE `LikedPosts_Table` (
  `LikePosts_id` int NOT NULL AUTO_INCREMENT COMMENT '좋아요 리스트 고유번호',
  `Account_pn` varchar(45) COLLATE utf8mb4_general_ci NOT NULL COMMENT '좋아요 누른 사용자 폰번호',
  `Post_id` varchar(45) COLLATE utf8mb4_general_ci NOT NULL COMMENT '좋아요 누른 게시글 고유아이디',
  PRIMARY KEY (`LikePosts_id`)
) ENGINE=InnoDB AUTO_INCREMENT=668 DEFAULT CHARSET=utf8mb4 COLLATE=utf8mb4_general_ci;
/*!40101 SET character_set_client = @saved_cs_client */;

--
-- Dumping data for table `LikedPosts_Table`
--

LOCK TABLES `LikedPosts_Table` WRITE;
/*!40000 ALTER TABLE `LikedPosts_Table` DISABLE KEYS */;
INSERT INTO `LikedPosts_Table` VALUES (647,'01065464564','64'),(651,'01011191119','61'),(654,'01065464564','63'),(655,'01065464564','61'),(656,'01065464564','60'),(657,'01065464564','59'),(658,'01065464564','58'),(659,'01065464564','57'),(660,'01065464564','56'),(661,'01065464564','55'),(662,'01065464564','51'),(663,'01065464564','50'),(664,'01065464564','49'),(665,'01011121112','63'),(666,'01065464564','65');
/*!40000 ALTER TABLE `LikedPosts_Table` ENABLE KEYS */;
UNLOCK TABLES;

--
-- Dumping events for database 'test_schema'
--

--
-- Dumping routines for database 'test_schema'
--
/*!40103 SET TIME_ZONE=@OLD_TIME_ZONE */;

/*!40101 SET SQL_MODE=@OLD_SQL_MODE */;
/*!40014 SET FOREIGN_KEY_CHECKS=@OLD_FOREIGN_KEY_CHECKS */;
/*!40014 SET UNIQUE_CHECKS=@OLD_UNIQUE_CHECKS */;
/*!40101 SET CHARACTER_SET_CLIENT=@OLD_CHARACTER_SET_CLIENT */;
/*!40101 SET CHARACTER_SET_RESULTS=@OLD_CHARACTER_SET_RESULTS */;
/*!40101 SET COLLATION_CONNECTION=@OLD_COLLATION_CONNECTION */;
/*!40111 SET SQL_NOTES=@OLD_SQL_NOTES */;

-- Dump completed on 2022-06-03 16:37:02
